Date,DRUG,Qty
2017-08-20 00:00:00,Ampicloxa 500mg caps ord(10x10),51
2017-08-21 00:00:00,Ampicloxa 500mg caps ord(10x10),32
2017-08-22 00:00:00,Ampicloxa 500mg caps ord(10x10),10
2017-08-23 00:00:00,Ampicloxa 500mg caps ord(10x10),30
2017-08-24 00:00:00,Ampicloxa 500mg caps ord(10x10),60
2017-08-25 00:00:00,Ampicloxa 500mg caps ord(10x10),45
2017-08-26 00:00:00,Ampicloxa 500mg caps ord(10x10),25
2017-08-27 00:00:00,Ampicloxa 500mg caps ord(10x10),55
2017-08-28 00:00:00,Ampicloxa 500mg caps ord(10x10),22
2017-08-29 00:00:00,Ampicloxa 500mg caps ord(10x10),10
2017-08-30 00:00:00,Ampicloxa 500mg caps ord(10x10),70
2017-08-31 00:00:00,Ampicloxa 500mg caps ord(10x10),43
2017-09-01 00:00:00,Ampicloxa 500mg caps ord(10x10),15
2017-09-02 00:00:00,Ampicloxa 500mg caps ord(10x10),123
2017-09-03 00:00:00,Ampicloxa 500mg caps ord(10x10),77
2017-09-04 00:00:00,Ampicloxa 500mg caps ord(10x10),34
2017-09-05 00:00:00,Ampicloxa 500mg caps ord(10x10),129
2017-09-06 00:00:00,Ampicloxa 500mg caps ord(10x10),42
2017-09-07 00:00:00,Ampicloxa 500mg caps ord(10x10),25
2017-09-08 00:00:00,Ampicloxa 500mg caps ord(10x10),55
2017-09-09 00:00:00,Ampicloxa 500mg caps ord(10x10),56
2017-09-10 00:00:00,Ampicloxa 500mg caps ord(10x10),19
2017-09-11 00:00:00,Ampicloxa 500mg caps ord(10x10),57
2017-09-12 00:00:00,Ampicloxa 500mg caps ord(10x10),12
2017-09-13 00:00:00,Ampicloxa 500mg caps ord(10x10),80
2017-09-14 00:00:00,Ampicloxa 500mg caps ord(10x10),19
2017-09-15 00:00:00,Ampicloxa 500mg caps ord(10x10),26
2017-09-16 00:00:00,Ampicloxa 500mg caps ord(10x10),25
2017-09-17 00:00:00,Ampicloxa 500mg caps ord(10x10),15
2017-09-18 00:00:00,Ampicloxa 500mg caps ord(10x10),100
2017-09-19 00:00:00,Ampicloxa 500mg caps ord(10x10),32
2017-09-20 00:00:00,Ampicloxa 500mg caps ord(10x10),50
2017-09-22 00:00:00,Ampicloxa 500mg caps ord(10x10),35
2017-09-23 00:00:00,Ampicloxa 500mg caps ord(10x10),70
2017-09-24 00:00:00,Ampicloxa 500mg caps ord(10x10),57
2017-09-25 00:00:00,Ampicloxa 500mg caps ord(10x10),20
2017-09-26 00:00:00,Ampicloxa 500mg caps ord(10x10),28
2017-09-27 00:00:00,Ampicloxa 500mg caps ord(10x10),35
2017-09-28 00:00:00,Ampicloxa 500mg caps ord(10x10),69
2017-09-29 00:00:00,Ampicloxa 500mg caps ord(10x10),19
2017-09-30 00:00:00,Ampicloxa 500mg caps ord(10x10),50
2017-10-01 00:00:00,Ampicloxa 500mg caps ord(10x10),52
2017-10-02 00:00:00,Ampicloxa 500mg caps ord(10x10),165
2017-10-03 00:00:00,Ampicloxa 500mg caps ord(10x10),15
2017-10-05 00:00:00,Ampicloxa 500mg caps ord(10x10),20
2017-10-06 00:00:00,Ampicloxa 500mg caps ord(10x10),57
2017-10-07 00:00:00,Ampicloxa 500mg caps ord(10x10),41
2017-10-08 00:00:00,Ampicloxa 500mg caps ord(10x10),87
2017-10-09 00:00:00,Ampicloxa 500mg caps ord(10x10),71
2017-10-10 00:00:00,Ampicloxa 500mg caps ord(10x10),40
2017-10-11 00:00:00,Ampicloxa 500mg caps ord(10x10),40
2017-10-12 00:00:00,Ampicloxa 500mg caps ord(10x10),10
2017-10-13 00:00:00,Ampicloxa 500mg caps ord(10x10),20
2017-10-14 00:00:00,Ampicloxa 500mg caps ord(10x10),45
2017-10-15 00:00:00,Ampicloxa 500mg caps ord(10x10),15
2017-10-16 00:00:00,Ampicloxa 500mg caps ord(10x10),15
2017-10-17 00:00:00,Ampicloxa 500mg caps ord(10x10),37
2017-10-18 00:00:00,Ampicloxa 500mg caps ord(10x10),30
2017-10-19 00:00:00,Ampicloxa 500mg caps ord(10x10),52
2017-10-20 00:00:00,Ampicloxa 500mg caps ord(10x10),20
2017-10-21 00:00:00,Ampicloxa 500mg caps ord(10x10),10
2017-10-22 00:00:00,Ampicloxa 500mg caps ord(10x10),65
2017-10-23 00:00:00,Ampicloxa 500mg caps ord(10x10),45
2017-10-24 00:00:00,Ampicloxa 500mg caps ord(10x10),100
2017-10-25 00:00:00,Ampicloxa 500mg caps ord(10x10),130
2017-10-26 00:00:00,Ampicloxa 500mg caps ord(10x10),95
2017-10-27 00:00:00,Ampicloxa 500mg caps ord(10x10),63
2017-10-28 00:00:00,Ampicloxa 500mg caps ord(10x10),78
2017-10-29 00:00:00,Ampicloxa 500mg caps ord(10x10),58
2017-10-30 00:00:00,Ampicloxa 500mg caps ord(10x10),50
2017-10-31 00:00:00,Ampicloxa 500mg caps ord(10x10),25
2017-11-01 00:00:00,Ampicloxa 500mg caps ord(10x10),39
2017-11-02 00:00:00,Ampicloxa 500mg caps ord(10x10),45
2017-11-03 00:00:00,Ampicloxa 500mg caps ord(10x10),70
2017-11-04 00:00:00,Ampicloxa 500mg caps ord(10x10),145
2017-11-05 00:00:00,Ampicloxa 500mg caps ord(10x10),120
2017-11-06 00:00:00,Ampicloxa 500mg caps ord(10x10),110
2017-11-07 00:00:00,Ampicloxa 500mg caps ord(10x10),95
2017-11-08 00:00:00,Ampicloxa 500mg caps ord(10x10),61
2017-11-09 00:00:00,Ampicloxa 500mg caps ord(10x10),75
2017-11-10 00:00:00,Ampicloxa 500mg caps ord(10x10),50
2017-11-11 00:00:00,Ampicloxa 500mg caps ord(10x10),40
2017-11-12 00:00:00,Ampicloxa 500mg caps ord(10x10),133
2017-11-13 00:00:00,Ampicloxa 500mg caps ord(10x10),110
2017-11-14 00:00:00,Ampicloxa 500mg caps ord(10x10),25
2017-11-15 00:00:00,Ampicloxa 500mg caps ord(10x10),15
2017-11-16 00:00:00,Ampicloxa 500mg caps ord(10x10),114
2017-11-17 00:00:00,Ampicloxa 500mg caps ord(10x10),132
2017-11-18 00:00:00,Ampicloxa 500mg caps ord(10x10),30
2017-11-19 00:00:00,Ampicloxa 500mg caps ord(10x10),75
2017-11-20 00:00:00,Ampicloxa 500mg caps ord(10x10),110
2017-11-21 00:00:00,Ampicloxa 500mg caps ord(10x10),67
2017-11-22 00:00:00,Ampicloxa 500mg caps ord(10x10),32
2017-11-23 00:00:00,Ampicloxa 500mg caps ord(10x10),65
2017-11-24 00:00:00,Ampicloxa 500mg caps ord(10x10),135
2017-11-25 00:00:00,Ampicloxa 500mg caps ord(10x10),61
2017-11-26 00:00:00,Ampicloxa 500mg caps ord(10x10),104
2017-11-27 00:00:00,Ampicloxa 500mg caps ord(10x10),29
2017-11-28 00:00:00,Ampicloxa 500mg caps ord(10x10),60
2017-11-29 00:00:00,Ampicloxa 500mg caps ord(10x10),20
2017-12-01 00:00:00,Ampicloxa 500mg caps ord(10x10),20
2017-12-02 00:00:00,Ampicloxa 500mg caps ord(10x10),77
2017-12-03 00:00:00,Ampicloxa 500mg caps ord(10x10),102
2017-12-04 00:00:00,Ampicloxa 500mg caps ord(10x10),82
2017-12-05 00:00:00,Ampicloxa 500mg caps ord(10x10),330
2017-12-06 00:00:00,Ampicloxa 500mg caps ord(10x10),68
2017-12-07 00:00:00,Ampicloxa 500mg caps ord(10x10),16
2017-12-08 00:00:00,Ampicloxa 500mg caps ord(10x10),48
2017-12-09 00:00:00,Ampicloxa 500mg caps ord(10x10),20
2017-12-10 00:00:00,Ampicloxa 500mg caps ord(10x10),50
2017-12-12 00:00:00,Ampicloxa 500mg caps ord(10x10),57
2017-12-13 00:00:00,Ampicloxa 500mg caps ord(10x10),34
2017-12-14 00:00:00,Ampicloxa 500mg caps ord(10x10),34
2017-12-15 00:00:00,Ampicloxa 500mg caps ord(10x10),70
2017-12-16 00:00:00,Ampicloxa 500mg caps ord(10x10),49
2017-12-17 00:00:00,Ampicloxa 500mg caps ord(10x10),40
2017-12-18 00:00:00,Ampicloxa 500mg caps ord(10x10),82
2017-12-19 00:00:00,Ampicloxa 500mg caps ord(10x10),59
2017-12-20 00:00:00,Ampicloxa 500mg caps ord(10x10),30
2017-12-22 00:00:00,Ampicloxa 500mg caps ord(10x10),35
2017-12-23 00:00:00,Ampicloxa 500mg caps ord(10x10),37
2017-12-24 00:00:00,Ampicloxa 500mg caps ord(10x10),94
2017-12-25 00:00:00,Ampicloxa 500mg caps ord(10x10),130
2017-12-26 00:00:00,Ampicloxa 500mg caps ord(10x10),65
2017-12-27 00:00:00,Ampicloxa 500mg caps ord(10x10),35
2017-12-28 00:00:00,Ampicloxa 500mg caps ord(10x10),10
2017-12-29 00:00:00,Ampicloxa 500mg caps ord(10x10),30
2017-12-30 00:00:00,Ampicloxa 500mg caps ord(10x10),70
2017-12-31 00:00:00,Ampicloxa 500mg caps ord(10x10),20
2018-01-01 00:00:00,Ampicloxa 500mg caps ord(10x10),25
2018-01-02 00:00:00,Ampicloxa 500mg caps ord(10x10),85
2018-01-03 00:00:00,Ampicloxa 500mg caps ord(10x10),35
2018-01-04 00:00:00,Ampicloxa 500mg caps ord(10x10),20
2018-01-05 00:00:00,Ampicloxa 500mg caps ord(10x10),36
2018-01-06 00:00:00,Ampicloxa 500mg caps ord(10x10),20
2018-01-07 00:00:00,Ampicloxa 500mg caps ord(10x10),55
2018-01-08 00:00:00,Ampicloxa 500mg caps ord(10x10),10
2018-01-09 00:00:00,Ampicloxa 500mg caps ord(10x10),29
2018-01-10 00:00:00,Ampicloxa 500mg caps ord(10x10),50
2018-01-11 00:00:00,Ampicloxa 500mg caps ord(10x10),5
2018-01-12 00:00:00,Ampicloxa 500mg caps ord(10x10),45
2018-01-13 00:00:00,Ampicloxa 500mg caps ord(10x10),41
2018-01-14 00:00:00,Ampicloxa 500mg caps ord(10x10),70
2018-01-15 00:00:00,Ampicloxa 500mg caps ord(10x10),35
2018-01-16 00:00:00,Ampicloxa 500mg caps ord(10x10),45
2018-01-17 00:00:00,Ampicloxa 500mg caps ord(10x10),45
2018-01-18 00:00:00,Ampicloxa 500mg caps ord(10x10),30
2018-01-19 00:00:00,Ampicloxa 500mg caps ord(10x10),35
2018-01-20 00:00:00,Ampicloxa 500mg caps ord(10x10),55
2018-01-21 00:00:00,Ampicloxa 500mg caps ord(10x10),84
2018-01-22 00:00:00,Ampicloxa 500mg caps ord(10x10),40
2018-01-23 00:00:00,Ampicloxa 500mg caps ord(10x10),96
2018-01-24 00:00:00,Ampicloxa 500mg caps ord(10x10),45
2018-01-25 00:00:00,Ampicloxa 500mg caps ord(10x10),110
2018-01-26 00:00:00,Ampicloxa 500mg caps ord(10x10),100
2018-01-27 00:00:00,Ampicloxa 500mg caps ord(10x10),15
2018-01-28 00:00:00,Ampicloxa 500mg caps ord(10x10),60
2018-01-29 00:00:00,Ampicloxa 500mg caps ord(10x10),25
2018-01-30 00:00:00,Ampicloxa 500mg caps ord(10x10),22
2018-01-31 00:00:00,Ampicloxa 500mg caps ord(10x10),35
2018-02-01 00:00:00,Ampicloxa 500mg caps ord(10x10),30
2018-02-02 00:00:00,Ampicloxa 500mg caps ord(10x10),16
2018-02-03 00:00:00,Ampicloxa 500mg caps ord(10x10),21
2018-02-04 00:00:00,Ampicloxa 500mg caps ord(10x10),65
2018-02-05 00:00:00,Ampicloxa 500mg caps ord(10x10),41
2018-02-06 00:00:00,Ampicloxa 500mg caps ord(10x10),17
2018-02-07 00:00:00,Ampicloxa 500mg caps ord(10x10),40
2018-02-08 00:00:00,Ampicloxa 500mg caps ord(10x10),20
2018-02-09 00:00:00,Ampicloxa 500mg caps ord(10x10),44
2018-02-10 00:00:00,Ampicloxa 500mg caps ord(10x10),19
2018-02-11 00:00:00,Ampicloxa 500mg caps ord(10x10),8
2018-02-12 00:00:00,Ampicloxa 500mg caps ord(10x10),30
2018-02-13 00:00:00,Ampicloxa 500mg caps ord(10x10),77
2018-02-14 00:00:00,Ampicloxa 500mg caps ord(10x10),36
2018-02-15 00:00:00,Ampicloxa 500mg caps ord(10x10),29
2018-02-16 00:00:00,Ampicloxa 500mg caps ord(10x10),16
2018-02-17 00:00:00,Ampicloxa 500mg caps ord(10x10),53
2018-02-18 00:00:00,Ampicloxa 500mg caps ord(10x10),15
2018-02-19 00:00:00,Ampicloxa 500mg caps ord(10x10),30
2018-02-20 00:00:00,Ampicloxa 500mg caps ord(10x10),14
2018-02-21 00:00:00,Ampicloxa 500mg caps ord(10x10),57
2018-02-22 00:00:00,Ampicloxa 500mg caps ord(10x10),4
2018-02-23 00:00:00,Ampicloxa 500mg caps ord(10x10),15
2018-02-24 00:00:00,Ampicloxa 500mg caps ord(10x10),50
2018-02-25 00:00:00,Ampicloxa 500mg caps ord(10x10),109
2018-02-26 00:00:00,Ampicloxa 500mg caps ord(10x10),62
2018-02-27 00:00:00,Ampicloxa 500mg caps ord(10x10),17
2018-02-28 00:00:00,Ampicloxa 500mg caps ord(10x10),10
2018-03-01 00:00:00,Ampicloxa 500mg caps ord(10x10),7
2018-03-02 00:00:00,Ampicloxa 500mg caps ord(10x10),10
2018-03-03 00:00:00,Ampicloxa 500mg caps ord(10x10),39
2018-03-05 00:00:00,Ampicloxa 500mg caps ord(10x10),17
2018-03-06 00:00:00,Ampicloxa 500mg caps ord(10x10),113
2018-03-07 00:00:00,Ampicloxa 500mg caps ord(10x10),35
2018-03-08 00:00:00,Ampicloxa 500mg caps ord(10x10),25
2018-03-09 00:00:00,Ampicloxa 500mg caps ord(10x10),30
2018-03-10 00:00:00,Ampicloxa 500mg caps ord(10x10),90
2018-03-11 00:00:00,Ampicloxa 500mg caps ord(10x10),10
2018-03-12 00:00:00,Ampicloxa 500mg caps ord(10x10),15
2018-03-13 00:00:00,Ampicloxa 500mg caps ord(10x10),40
2018-03-14 00:00:00,Ampicloxa 500mg caps ord(10x10),40
2018-03-15 00:00:00,Ampicloxa 500mg caps ord(10x10),102
2018-03-16 00:00:00,Ampicloxa 500mg caps ord(10x10),32
2018-03-17 00:00:00,Ampicloxa 500mg caps ord(10x10),31
2018-03-18 00:00:00,Ampicloxa 500mg caps ord(10x10),45
2018-03-19 00:00:00,Ampicloxa 500mg caps ord(10x10),40
2018-03-20 00:00:00,Ampicloxa 500mg caps ord(10x10),45
2018-03-21 00:00:00,Ampicloxa 500mg caps ord(10x10),70
2018-03-22 00:00:00,Ampicloxa 500mg caps ord(10x10),80
2018-03-23 00:00:00,Ampicloxa 500mg caps ord(10x10),32
2018-03-24 00:00:00,Ampicloxa 500mg caps ord(10x10),1
2018-03-25 00:00:00,Ampicloxa 500mg caps ord(10x10),70
2018-03-26 00:00:00,Ampicloxa 500mg caps ord(10x10),60
2018-03-27 00:00:00,Ampicloxa 500mg caps ord(10x10),60
2018-03-28 00:00:00,Ampicloxa 500mg caps ord(10x10),55
2018-03-29 00:00:00,Ampicloxa 500mg caps ord(10x10),65
2018-03-30 00:00:00,Ampicloxa 500mg caps ord(10x10),110
2018-03-31 00:00:00,Ampicloxa 500mg caps ord(10x10),68
2018-04-01 00:00:00,Ampicloxa 500mg caps ord(10x10),25
2018-04-02 00:00:00,Ampicloxa 500mg caps ord(10x10),34
2018-04-03 00:00:00,Ampicloxa 500mg caps ord(10x10),10
2018-04-04 00:00:00,Ampicloxa 500mg caps ord(10x10),35
2018-04-05 00:00:00,Ampicloxa 500mg caps ord(10x10),40
2018-04-06 00:00:00,Ampicloxa 500mg caps ord(10x10),77
2018-04-07 00:00:00,Ampicloxa 500mg caps ord(10x10),70
2018-04-08 00:00:00,Ampicloxa 500mg caps ord(10x10),21
2018-04-09 00:00:00,Ampicloxa 500mg caps ord(10x10),30
2018-04-10 00:00:00,Ampicloxa 500mg caps ord(10x10),15
2018-04-11 00:00:00,Ampicloxa 500mg caps ord(10x10),31
2018-04-12 00:00:00,Ampicloxa 500mg caps ord(10x10),35
2018-04-13 00:00:00,Ampicloxa 500mg caps ord(10x10),29
2018-04-14 00:00:00,Ampicloxa 500mg caps ord(10x10),45
2018-04-15 00:00:00,Ampicloxa 500mg caps ord(10x10),30
2018-04-16 00:00:00,Ampicloxa 500mg caps ord(10x10),80
2018-04-17 00:00:00,Ampicloxa 500mg caps ord(10x10),25
2018-04-18 00:00:00,Ampicloxa 500mg caps ord(10x10),5
2018-04-19 00:00:00,Ampicloxa 500mg caps ord(10x10),46
2018-04-20 00:00:00,Ampicloxa 500mg caps ord(10x10),42
2018-04-21 00:00:00,Ampicloxa 500mg caps ord(10x10),23
2018-04-22 00:00:00,Ampicloxa 500mg caps ord(10x10),39
2018-04-23 00:00:00,Ampicloxa 500mg caps ord(10x10),45
2018-04-24 00:00:00,Ampicloxa 500mg caps ord(10x10),35
2018-04-25 00:00:00,Ampicloxa 500mg caps ord(10x10),27
2018-04-26 00:00:00,Ampicloxa 500mg caps ord(10x10),25
2018-04-27 00:00:00,Ampicloxa 500mg caps ord(10x10),20
2018-04-28 00:00:00,Ampicloxa 500mg caps ord(10x10),20
2018-04-29 00:00:00,Ampicloxa 500mg caps ord(10x10),35
2018-04-30 00:00:00,Ampicloxa 500mg caps ord(10x10),65
2018-05-01 00:00:00,Ampicloxa 500mg caps ord(10x10),37
2018-05-02 00:00:00,Ampicloxa 500mg caps ord(10x10),85
2018-05-03 00:00:00,Ampicloxa 500mg caps ord(10x10),12
2018-05-04 00:00:00,Ampicloxa 500mg caps ord(10x10),10
2018-05-05 00:00:00,Ampicloxa 500mg caps ord(10x10),40
2018-05-06 00:00:00,Ampicloxa 500mg caps ord(10x10),55
2018-05-07 00:00:00,Ampicloxa 500mg caps ord(10x10),42
2018-05-08 00:00:00,Ampicloxa 500mg caps ord(10x10),25
2018-05-09 00:00:00,Ampicloxa 500mg caps ord(10x10),40
2018-05-10 00:00:00,Ampicloxa 500mg caps ord(10x10),60
2018-05-11 00:00:00,Ampicloxa 500mg caps ord(10x10),15
2018-05-12 00:00:00,Ampicloxa 500mg caps ord(10x10),37
2018-05-13 00:00:00,Ampicloxa 500mg caps ord(10x10),47
2018-05-14 00:00:00,Ampicloxa 500mg caps ord(10x10),10
2018-05-15 00:00:00,Ampicloxa 500mg caps ord(10x10),65
2018-05-16 00:00:00,Ampicloxa 500mg caps ord(10x10),34
2018-05-18 00:00:00,Ampicloxa 500mg caps ord(10x10),39
2018-05-19 00:00:00,Ampicloxa 500mg caps ord(10x10),30
2018-05-20 00:00:00,Ampicloxa 500mg caps ord(10x10),45
2018-05-21 00:00:00,Ampicloxa 500mg caps ord(10x10),40
2018-05-22 00:00:00,Ampicloxa 500mg caps ord(10x10),80
2018-05-23 00:00:00,Ampicloxa 500mg caps ord(10x10),15
2018-05-24 00:00:00,Ampicloxa 500mg caps ord(10x10),40
2018-05-25 00:00:00,Ampicloxa 500mg caps ord(10x10),30
2018-05-26 00:00:00,Ampicloxa 500mg caps ord(10x10),50
2018-05-27 00:00:00,Ampicloxa 500mg caps ord(10x10),95
2018-05-28 00:00:00,Ampicloxa 500mg caps ord(10x10),50
2018-05-29 00:00:00,Ampicloxa 500mg caps ord(10x10),55
2018-05-30 00:00:00,Ampicloxa 500mg caps ord(10x10),57
2018-05-31 00:00:00,Ampicloxa 500mg caps ord(10x10),50
2018-06-01 00:00:00,Ampicloxa 500mg caps ord(10x10),35
2018-06-02 00:00:00,Ampicloxa 500mg caps ord(10x10),37
2018-06-03 00:00:00,Ampicloxa 500mg caps ord(10x10),10
2018-06-04 00:00:00,Ampicloxa 500mg caps ord(10x10),58
2018-06-05 00:00:00,Ampicloxa 500mg caps ord(10x10),37
2018-06-06 00:00:00,Ampicloxa 500mg caps ord(10x10),55
2018-06-07 00:00:00,Ampicloxa 500mg caps ord(10x10),64
2018-06-08 00:00:00,Ampicloxa 500mg caps ord(10x10),61
2018-06-09 00:00:00,Ampicloxa 500mg caps ord(10x10),62
2018-06-10 00:00:00,Ampicloxa 500mg caps ord(10x10),59
2018-06-11 00:00:00,Ampicloxa 500mg caps ord(10x10),65
2018-06-12 00:00:00,Ampicloxa 500mg caps ord(10x10),29
2018-06-13 00:00:00,Ampicloxa 500mg caps ord(10x10),66
2018-06-14 00:00:00,Ampicloxa 500mg caps ord(10x10),70
2018-06-15 00:00:00,Ampicloxa 500mg caps ord(10x10),22
2018-06-16 00:00:00,Ampicloxa 500mg caps ord(10x10),7
2018-06-17 00:00:00,Ampicloxa 500mg caps ord(10x10),17
2018-06-18 00:00:00,Ampicloxa 500mg caps ord(10x10),40
2018-06-19 00:00:00,Ampicloxa 500mg caps ord(10x10),72
2018-06-20 00:00:00,Ampicloxa 500mg caps ord(10x10),2
2018-06-21 00:00:00,Ampicloxa 500mg caps ord(10x10),20
2018-06-22 00:00:00,Ampicloxa 500mg caps ord(10x10),70
2018-06-23 00:00:00,Ampicloxa 500mg caps ord(10x10),93
2018-06-24 00:00:00,Ampicloxa 500mg caps ord(10x10),60
2018-06-25 00:00:00,Ampicloxa 500mg caps ord(10x10),40
2018-06-26 00:00:00,Ampicloxa 500mg caps ord(10x10),110
2018-06-27 00:00:00,Ampicloxa 500mg caps ord(10x10),20
2018-06-28 00:00:00,Ampicloxa 500mg caps ord(10x10),35
2018-06-29 00:00:00,Ampicloxa 500mg caps ord(10x10),40
2018-06-30 00:00:00,Ampicloxa 500mg caps ord(10x10),37
2018-07-01 00:00:00,Ampicloxa 500mg caps ord(10x10),26
2018-07-02 00:00:00,Ampicloxa 500mg caps ord(10x10),12
2018-07-03 00:00:00,Ampicloxa 500mg caps ord(10x10),34
2018-07-04 00:00:00,Ampicloxa 500mg caps ord(10x10),66
2018-07-05 00:00:00,Ampicloxa 500mg caps ord(10x10),17
2018-07-06 00:00:00,Ampicloxa 500mg caps ord(10x10),56
2018-07-07 00:00:00,Ampicloxa 500mg caps ord(10x10),25
2018-07-08 00:00:00,Ampicloxa 500mg caps ord(10x10),60
2018-07-09 00:00:00,Ampicloxa 500mg caps ord(10x10),12
2018-07-10 00:00:00,Ampicloxa 500mg caps ord(10x10),77
2018-07-11 00:00:00,Ampicloxa 500mg caps ord(10x10),51
2018-07-12 00:00:00,Ampicloxa 500mg caps ord(10x10),60
2018-07-13 00:00:00,Ampicloxa 500mg caps ord(10x10),25
2018-07-14 00:00:00,Ampicloxa 500mg caps ord(10x10),45
2018-07-15 00:00:00,Ampicloxa 500mg caps ord(10x10),57
2018-07-16 00:00:00,Ampicloxa 500mg caps ord(10x10),25
2018-07-17 00:00:00,Ampicloxa 500mg caps ord(10x10),35
2018-07-18 00:00:00,Ampicloxa 500mg caps ord(10x10),20
2018-07-19 00:00:00,Ampicloxa 500mg caps ord(10x10),25
2018-07-20 00:00:00,Ampicloxa 500mg caps ord(10x10),55
2018-07-21 00:00:00,Ampicloxa 500mg caps ord(10x10),45
2018-07-22 00:00:00,Ampicloxa 500mg caps ord(10x10),30
2018-07-23 00:00:00,Ampicloxa 500mg caps ord(10x10),10
2018-07-24 00:00:00,Ampicloxa 500mg caps ord(10x10),7
2018-07-25 00:00:00,Ampicloxa 500mg caps ord(10x10),25
2018-07-26 00:00:00,Ampicloxa 500mg caps ord(10x10),20
2018-07-27 00:00:00,Ampicloxa 500mg caps ord(10x10),71
2018-07-29 00:00:00,Ampicloxa 500mg caps ord(10x10),115
2018-07-30 00:00:00,Ampicloxa 500mg caps ord(10x10),36
2018-07-31 00:00:00,Ampicloxa 500mg caps ord(10x10),20
2018-08-01 00:00:00,Ampicloxa 500mg caps ord(10x10),22
2018-08-02 00:00:00,Ampicloxa 500mg caps ord(10x10),37
2018-08-03 00:00:00,Ampicloxa 500mg caps ord(10x10),52
2018-08-04 00:00:00,Ampicloxa 500mg caps ord(10x10),25
2018-08-05 00:00:00,Ampicloxa 500mg caps ord(10x10),51
2018-08-06 00:00:00,Ampicloxa 500mg caps ord(10x10),56
2018-08-07 00:00:00,Ampicloxa 500mg caps ord(10x10),20
2018-08-08 00:00:00,Ampicloxa 500mg caps ord(10x10),12
2018-08-09 00:00:00,Ampicloxa 500mg caps ord(10x10),35
2018-08-10 00:00:00,Ampicloxa 500mg caps ord(10x10),80
2018-08-11 00:00:00,Ampicloxa 500mg caps ord(10x10),15
2018-08-12 00:00:00,Ampicloxa 500mg caps ord(10x10),78
2018-08-13 00:00:00,Ampicloxa 500mg caps ord(10x10),84
2018-08-14 00:00:00,Ampicloxa 500mg caps ord(10x10),40
2018-08-15 00:00:00,Ampicloxa 500mg caps ord(10x10),45
2018-08-16 00:00:00,Ampicloxa 500mg caps ord(10x10),40
2018-08-17 00:00:00,Ampicloxa 500mg caps ord(10x10),48
2018-08-18 00:00:00,Ampicloxa 500mg caps ord(10x10),91
2018-08-19 00:00:00,Ampicloxa 500mg caps ord(10x10),47
2018-08-20 00:00:00,Ampicloxa 500mg caps ord(10x10),10
2018-08-21 00:00:00,Ampicloxa 500mg caps ord(10x10),20
2018-08-22 00:00:00,Ampicloxa 500mg caps ord(10x10),32
2018-08-23 00:00:00,Ampicloxa 500mg caps ord(10x10),72
2018-08-24 00:00:00,Ampicloxa 500mg caps ord(10x10),31
2018-08-25 00:00:00,Ampicloxa 500mg caps ord(10x10),70
2018-08-26 00:00:00,Ampicloxa 500mg caps ord(10x10),69
2018-08-27 00:00:00,Ampicloxa 500mg caps ord(10x10),60
2018-08-28 00:00:00,Ampicloxa 500mg caps ord(10x10),60
2018-08-29 00:00:00,Ampicloxa 500mg caps ord(10x10),25
2018-08-30 00:00:00,Ampicloxa 500mg caps ord(10x10),122
2018-08-31 00:00:00,Ampicloxa 500mg caps ord(10x10),43
2018-09-01 00:00:00,Ampicloxa 500mg caps ord(10x10),33
2018-09-02 00:00:00,Ampicloxa 500mg caps ord(10x10),20
2018-09-03 00:00:00,Ampicloxa 500mg caps ord(10x10),71
2018-09-04 00:00:00,Ampicloxa 500mg caps ord(10x10),60
2018-09-05 00:00:00,Ampicloxa 500mg caps ord(10x10),22
2018-09-06 00:00:00,Ampicloxa 500mg caps ord(10x10),80
2018-09-07 00:00:00,Ampicloxa 500mg caps ord(10x10),80
2018-09-08 00:00:00,Ampicloxa 500mg caps ord(10x10),50
2018-09-09 00:00:00,Ampicloxa 500mg caps ord(10x10),20
2018-09-10 00:00:00,Ampicloxa 500mg caps ord(10x10),59
2018-09-11 00:00:00,Ampicloxa 500mg caps ord(10x10),24
2018-09-12 00:00:00,Ampicloxa 500mg caps ord(10x10),25
2018-09-13 00:00:00,Ampicloxa 500mg caps ord(10x10),37
2018-09-14 00:00:00,Ampicloxa 500mg caps ord(10x10),29
2018-09-15 00:00:00,Ampicloxa 500mg caps ord(10x10),65
2018-09-16 00:00:00,Ampicloxa 500mg caps ord(10x10),80
2018-09-17 00:00:00,Ampicloxa 500mg caps ord(10x10),5
2018-09-18 00:00:00,Ampicloxa 500mg caps ord(10x10),30
2018-09-19 00:00:00,Ampicloxa 500mg caps ord(10x10),40
2018-09-20 00:00:00,Ampicloxa 500mg caps ord(10x10),55
2018-09-21 00:00:00,Ampicloxa 500mg caps ord(10x10),50
2018-09-22 00:00:00,Ampicloxa 500mg caps ord(10x10),52
2018-09-23 00:00:00,Ampicloxa 500mg caps ord(10x10),65
2018-09-24 00:00:00,Ampicloxa 500mg caps ord(10x10),20
2018-09-25 00:00:00,Ampicloxa 500mg caps ord(10x10),5
2018-09-26 00:00:00,Ampicloxa 500mg caps ord(10x10),100
2018-09-27 00:00:00,Ampicloxa 500mg caps ord(10x10),75
2018-09-28 00:00:00,Ampicloxa 500mg caps ord(10x10),25
2018-09-30 00:00:00,Ampicloxa 500mg caps ord(10x10),130
2018-10-01 00:00:00,Ampicloxa 500mg caps ord(10x10),50
2018-10-02 00:00:00,Ampicloxa 500mg caps ord(10x10),20
2018-10-03 00:00:00,Ampicloxa 500mg caps ord(10x10),62
2018-10-04 00:00:00,Ampicloxa 500mg caps ord(10x10),10
2018-10-05 00:00:00,Ampicloxa 500mg caps ord(10x10),50
2018-10-06 00:00:00,Ampicloxa 500mg caps ord(10x10),50
2018-10-07 00:00:00,Ampicloxa 500mg caps ord(10x10),65
2018-10-08 00:00:00,Ampicloxa 500mg caps ord(10x10),50
2018-10-09 00:00:00,Ampicloxa 500mg caps ord(10x10),79
2018-10-10 00:00:00,Ampicloxa 500mg caps ord(10x10),75
2018-10-11 00:00:00,Ampicloxa 500mg caps ord(10x10),30
2018-10-12 00:00:00,Ampicloxa 500mg caps ord(10x10),65
2018-10-13 00:00:00,Ampicloxa 500mg caps ord(10x10),40
2018-10-14 00:00:00,Ampicloxa 500mg caps ord(10x10),15
2018-10-15 00:00:00,Ampicloxa 500mg caps ord(10x10),15
2018-10-16 00:00:00,Ampicloxa 500mg caps ord(10x10),40
2018-10-17 00:00:00,Ampicloxa 500mg caps ord(10x10),130
2018-10-18 00:00:00,Ampicloxa 500mg caps ord(10x10),45
2018-10-19 00:00:00,Ampicloxa 500mg caps ord(10x10),27
2018-10-20 00:00:00,Ampicloxa 500mg caps ord(10x10),56
2018-10-21 00:00:00,Ampicloxa 500mg caps ord(10x10),110
2018-10-22 00:00:00,Ampicloxa 500mg caps ord(10x10),51
2018-10-23 00:00:00,Ampicloxa 500mg caps ord(10x10),26
2018-10-24 00:00:00,Ampicloxa 500mg caps ord(10x10),45
2018-10-25 00:00:00,Ampicloxa 500mg caps ord(10x10),36
2018-10-26 00:00:00,Ampicloxa 500mg caps ord(10x10),150
2018-10-27 00:00:00,Ampicloxa 500mg caps ord(10x10),20
2018-10-28 00:00:00,Ampicloxa 500mg caps ord(10x10),35
2018-10-29 00:00:00,Ampicloxa 500mg caps ord(10x10),35
2018-10-30 00:00:00,Ampicloxa 500mg caps ord(10x10),30
2018-10-31 00:00:00,Ampicloxa 500mg caps ord(10x10),71
2018-11-01 00:00:00,Ampicloxa 500mg caps ord(10x10),115
2018-11-02 00:00:00,Ampicloxa 500mg caps ord(10x10),75
2018-11-03 00:00:00,Ampicloxa 500mg caps ord(10x10),21
2018-11-04 00:00:00,Ampicloxa 500mg caps ord(10x10),61
2018-11-05 00:00:00,Ampicloxa 500mg caps ord(10x10),25
2018-11-06 00:00:00,Ampicloxa 500mg caps ord(10x10),70
2018-11-07 00:00:00,Ampicloxa 500mg caps ord(10x10),30
2018-11-08 00:00:00,Ampicloxa 500mg caps ord(10x10),7
2018-11-09 00:00:00,Ampicloxa 500mg caps ord(10x10),50
2018-11-10 00:00:00,Ampicloxa 500mg caps ord(10x10),46
2018-11-11 00:00:00,Ampicloxa 500mg caps ord(10x10),35
2018-11-12 00:00:00,Ampicloxa 500mg caps ord(10x10),39
2018-11-13 00:00:00,Ampicloxa 500mg caps ord(10x10),10
2018-11-14 00:00:00,Ampicloxa 500mg caps ord(10x10),12
2018-11-15 00:00:00,Ampicloxa 500mg caps ord(10x10),40
2018-11-16 00:00:00,Ampicloxa 500mg caps ord(10x10),45
2018-11-17 00:00:00,Ampicloxa 500mg caps ord(10x10),59
2018-11-18 00:00:00,Ampicloxa 500mg caps ord(10x10),70
2018-11-19 00:00:00,Ampicloxa 500mg caps ord(10x10),42
2018-11-20 00:00:00,Ampicloxa 500mg caps ord(10x10),30
2018-11-21 00:00:00,Ampicloxa 500mg caps ord(10x10),25
2018-11-22 00:00:00,Ampicloxa 500mg caps ord(10x10),35
2018-11-23 00:00:00,Ampicloxa 500mg caps ord(10x10),35
2018-11-24 00:00:00,Ampicloxa 500mg caps ord(10x10),28
2018-11-25 00:00:00,Ampicloxa 500mg caps ord(10x10),46
2018-11-26 00:00:00,Ampicloxa 500mg caps ord(10x10),22
2018-11-27 00:00:00,Ampicloxa 500mg caps ord(10x10),40
2018-11-28 00:00:00,Ampicloxa 500mg caps ord(10x10),55
2018-11-29 00:00:00,Ampicloxa 500mg caps ord(10x10),5
2018-11-30 00:00:00,Ampicloxa 500mg caps ord(10x10),45
2018-12-01 00:00:00,Ampicloxa 500mg caps ord(10x10),60
2018-12-02 00:00:00,Ampicloxa 500mg caps ord(10x10),20
2018-12-03 00:00:00,Ampicloxa 500mg caps ord(10x10),41
2018-12-04 00:00:00,Ampicloxa 500mg caps ord(10x10),81
2018-12-05 00:00:00,Ampicloxa 500mg caps ord(10x10),30
2018-12-06 00:00:00,Ampicloxa 500mg caps ord(10x10),17
2018-12-07 00:00:00,Ampicloxa 500mg caps ord(10x10),47
2018-12-08 00:00:00,Ampicloxa 500mg caps ord(10x10),28
2018-12-09 00:00:00,Ampicloxa 500mg caps ord(10x10),30
2018-12-10 00:00:00,Ampicloxa 500mg caps ord(10x10),89
2018-12-11 00:00:00,Ampicloxa 500mg caps ord(10x10),77
2018-12-12 00:00:00,Ampicloxa 500mg caps ord(10x10),47
2018-12-13 00:00:00,Ampicloxa 500mg caps ord(10x10),24
2018-12-14 00:00:00,Ampicloxa 500mg caps ord(10x10),79
2018-12-15 00:00:00,Ampicloxa 500mg caps ord(10x10),30
2018-12-16 00:00:00,Ampicloxa 500mg caps ord(10x10),20
2018-12-17 00:00:00,Ampicloxa 500mg caps ord(10x10),72
2018-12-18 00:00:00,Ampicloxa 500mg caps ord(10x10),49
2018-12-19 00:00:00,Ampicloxa 500mg caps ord(10x10),50
2018-12-20 00:00:00,Ampicloxa 500mg caps ord(10x10),55
2018-12-21 00:00:00,Ampicloxa 500mg caps ord(10x10),15
2018-12-22 00:00:00,Ampicloxa 500mg caps ord(10x10),97
2018-12-23 00:00:00,Ampicloxa 500mg caps ord(10x10),87
2018-12-24 00:00:00,Ampicloxa 500mg caps ord(10x10),90
2018-12-25 00:00:00,Ampicloxa 500mg caps ord(10x10),42
2018-12-26 00:00:00,Ampicloxa 500mg caps ord(10x10),98
2018-12-27 00:00:00,Ampicloxa 500mg caps ord(10x10),75
2018-12-28 00:00:00,Ampicloxa 500mg caps ord(10x10),29
2018-12-29 00:00:00,Ampicloxa 500mg caps ord(10x10),25
2018-12-30 00:00:00,Ampicloxa 500mg caps ord(10x10),24
2018-12-31 00:00:00,Ampicloxa 500mg caps ord(10x10),13
2019-01-01 00:00:00,Ampicloxa 500mg caps ord(10x10),39
2019-01-02 00:00:00,Ampicloxa 500mg caps ord(10x10),30
2019-01-03 00:00:00,Ampicloxa 500mg caps ord(10x10),118
2019-01-04 00:00:00,Ampicloxa 500mg caps ord(10x10),50
2019-01-05 00:00:00,Ampicloxa 500mg caps ord(10x10),44
2019-01-06 00:00:00,Ampicloxa 500mg caps ord(10x10),108
2019-01-07 00:00:00,Ampicloxa 500mg caps ord(10x10),16
2019-01-08 00:00:00,Ampicloxa 500mg caps ord(10x10),16
2019-01-09 00:00:00,Ampicloxa 500mg caps ord(10x10),34
2019-01-10 00:00:00,Ampicloxa 500mg caps ord(10x10),12
2019-01-11 00:00:00,Ampicloxa 500mg caps ord(10x10),62
2019-01-12 00:00:00,Ampicloxa 500mg caps ord(10x10),40
2019-01-13 00:00:00,Ampicloxa 500mg caps ord(10x10),32
2019-01-14 00:00:00,Ampicloxa 500mg caps ord(10x10),10
2019-01-15 00:00:00,Ampicloxa 500mg caps ord(10x10),30
2019-01-16 00:00:00,Ampicloxa 500mg caps ord(10x10),43
2019-01-17 00:00:00,Ampicloxa 500mg caps ord(10x10),87
2019-01-18 00:00:00,Ampicloxa 500mg caps ord(10x10),67
2019-01-19 00:00:00,Ampicloxa 500mg caps ord(10x10),5
2019-01-20 00:00:00,Ampicloxa 500mg caps ord(10x10),23
2019-01-21 00:00:00,Ampicloxa 500mg caps ord(10x10),15
2019-01-22 00:00:00,Ampicloxa 500mg caps ord(10x10),57
2019-01-23 00:00:00,Ampicloxa 500mg caps ord(10x10),58
2019-01-24 00:00:00,Ampicloxa 500mg caps ord(10x10),30
2019-01-25 00:00:00,Ampicloxa 500mg caps ord(10x10),36
2019-01-26 00:00:00,Ampicloxa 500mg caps ord(10x10),89
2019-01-27 00:00:00,Ampicloxa 500mg caps ord(10x10),44
2019-01-28 00:00:00,Ampicloxa 500mg caps ord(10x10),39
2019-01-29 00:00:00,Ampicloxa 500mg caps ord(10x10),40
2019-01-30 00:00:00,Ampicloxa 500mg caps ord(10x10),25
2019-01-31 00:00:00,Ampicloxa 500mg caps ord(10x10),23
2019-02-01 00:00:00,Ampicloxa 500mg caps ord(10x10),55
2019-02-02 00:00:00,Ampicloxa 500mg caps ord(10x10),63
2019-02-03 00:00:00,Ampicloxa 500mg caps ord(10x10),10
2019-02-04 00:00:00,Ampicloxa 500mg caps ord(10x10),58
2019-02-05 00:00:00,Ampicloxa 500mg caps ord(10x10),17
2019-02-06 00:00:00,Ampicloxa 500mg caps ord(10x10),29
2019-02-07 00:00:00,Ampicloxa 500mg caps ord(10x10),13
2019-02-08 00:00:00,Ampicloxa 500mg caps ord(10x10),44
2019-02-09 00:00:00,Ampicloxa 500mg caps ord(10x10),95
2019-02-10 00:00:00,Ampicloxa 500mg caps ord(10x10),78
2019-02-11 00:00:00,Ampicloxa 500mg caps ord(10x10),65
2019-02-12 00:00:00,Ampicloxa 500mg caps ord(10x10),73
2019-02-13 00:00:00,Ampicloxa 500mg caps ord(10x10),33
2019-02-14 00:00:00,Ampicloxa 500mg caps ord(10x10),55
2019-02-15 00:00:00,Ampicloxa 500mg caps ord(10x10),82
2019-02-16 00:00:00,Ampicloxa 500mg caps ord(10x10),82
2019-02-17 00:00:00,Ampicloxa 500mg caps ord(10x10),42
2019-02-18 00:00:00,Ampicloxa 500mg caps ord(10x10),43
2019-02-19 00:00:00,Ampicloxa 500mg caps ord(10x10),42
2019-02-20 00:00:00,Ampicloxa 500mg caps ord(10x10),25
2019-02-21 00:00:00,Ampicloxa 500mg caps ord(10x10),33
2019-02-22 00:00:00,Ampicloxa 500mg caps ord(10x10),53
2019-02-23 00:00:00,Ampicloxa 500mg caps ord(10x10),65
2019-02-24 00:00:00,Ampicloxa 500mg caps ord(10x10),15
2019-02-25 00:00:00,Ampicloxa 500mg caps ord(10x10),38
2019-02-26 00:00:00,Ampicloxa 500mg caps ord(10x10),80
2019-02-27 00:00:00,Ampicloxa 500mg caps ord(10x10),40
2019-02-28 00:00:00,Ampicloxa 500mg caps ord(10x10),25
2019-03-01 00:00:00,Ampicloxa 500mg caps ord(10x10),26
2019-03-02 00:00:00,Ampicloxa 500mg caps ord(10x10),93
2019-03-03 00:00:00,Ampicloxa 500mg caps ord(10x10),65
2019-03-04 00:00:00,Ampicloxa 500mg caps ord(10x10),38
2019-03-05 00:00:00,Ampicloxa 500mg caps ord(10x10),60
2019-03-06 00:00:00,Ampicloxa 500mg caps ord(10x10),15
2019-03-07 00:00:00,Ampicloxa 500mg caps ord(10x10),46
2019-03-08 00:00:00,Ampicloxa 500mg caps ord(10x10),37
2019-03-09 00:00:00,Ampicloxa 500mg caps ord(10x10),67
2019-03-10 00:00:00,Ampicloxa 500mg caps ord(10x10),27
2019-03-11 00:00:00,Ampicloxa 500mg caps ord(10x10),50
2019-03-12 00:00:00,Ampicloxa 500mg caps ord(10x10),50
2019-03-13 00:00:00,Ampicloxa 500mg caps ord(10x10),31
2019-03-14 00:00:00,Ampicloxa 500mg caps ord(10x10),40
2019-03-15 00:00:00,Ampicloxa 500mg caps ord(10x10),48
2019-03-16 00:00:00,Ampicloxa 500mg caps ord(10x10),68
2019-03-17 00:00:00,Ampicloxa 500mg caps ord(10x10),81
2019-03-18 00:00:00,Ampicloxa 500mg caps ord(10x10),80
2019-03-19 00:00:00,Ampicloxa 500mg caps ord(10x10),24
2019-03-20 00:00:00,Ampicloxa 500mg caps ord(10x10),25
2019-03-21 00:00:00,Ampicloxa 500mg caps ord(10x10),55
2019-03-22 00:00:00,Ampicloxa 500mg caps ord(10x10),36
2019-03-23 00:00:00,Ampicloxa 500mg caps ord(10x10),43
2019-03-24 00:00:00,Ampicloxa 500mg caps ord(10x10),57
2019-03-25 00:00:00,Ampicloxa 500mg caps ord(10x10),30
2019-03-26 00:00:00,Ampicloxa 500mg caps ord(10x10),33
2019-03-27 00:00:00,Ampicloxa 500mg caps ord(10x10),30
2019-03-28 00:00:00,Ampicloxa 500mg caps ord(10x10),44
2019-03-29 00:00:00,Ampicloxa 500mg caps ord(10x10),48
2019-03-30 00:00:00,Ampicloxa 500mg caps ord(10x10),20
2019-03-31 00:00:00,Ampicloxa 500mg caps ord(10x10),43
2019-04-01 00:00:00,Ampicloxa 500mg caps ord(10x10),89
2019-04-02 00:00:00,Ampicloxa 500mg caps ord(10x10),41
2019-04-03 00:00:00,Ampicloxa 500mg caps ord(10x10),10
2019-04-04 00:00:00,Ampicloxa 500mg caps ord(10x10),65
2019-04-05 00:00:00,Ampicloxa 500mg caps ord(10x10),38
2019-04-06 00:00:00,Ampicloxa 500mg caps ord(10x10),40
2019-04-07 00:00:00,Ampicloxa 500mg caps ord(10x10),52
2019-04-08 00:00:00,Ampicloxa 500mg caps ord(10x10),20
2019-04-09 00:00:00,Ampicloxa 500mg caps ord(10x10),65
2019-04-10 00:00:00,Ampicloxa 500mg caps ord(10x10),59
2019-04-11 00:00:00,Ampicloxa 500mg caps ord(10x10),28
2019-04-12 00:00:00,Ampicloxa 500mg caps ord(10x10),30
2019-04-13 00:00:00,Ampicloxa 500mg caps ord(10x10),58
2019-04-14 00:00:00,Ampicloxa 500mg caps ord(10x10),25
2019-04-15 00:00:00,Ampicloxa 500mg caps ord(10x10),70
2019-04-16 00:00:00,Ampicloxa 500mg caps ord(10x10),30
2019-04-17 00:00:00,Ampicloxa 500mg caps ord(10x10),39
2019-04-18 00:00:00,Ampicloxa 500mg caps ord(10x10),25
2019-04-19 00:00:00,Ampicloxa 500mg caps ord(10x10),30
2019-04-20 00:00:00,Ampicloxa 500mg caps ord(10x10),25
2019-04-21 00:00:00,Ampicloxa 500mg caps ord(10x10),45
2019-04-22 00:00:00,Ampicloxa 500mg caps ord(10x10),29
2019-04-23 00:00:00,Ampicloxa 500mg caps ord(10x10),45
2019-04-24 00:00:00,Ampicloxa 500mg caps ord(10x10),20
2019-04-25 00:00:00,Ampicloxa 500mg caps ord(10x10),52
2019-04-26 00:00:00,Ampicloxa 500mg caps ord(10x10),37
2019-04-27 00:00:00,Ampicloxa 500mg caps ord(10x10),28
2019-04-28 00:00:00,Ampicloxa 500mg caps ord(10x10),19
2019-04-29 00:00:00,Ampicloxa 500mg caps ord(10x10),77
2019-04-30 00:00:00,Ampicloxa 500mg caps ord(10x10),10
2019-05-01 00:00:00,Ampicloxa 500mg caps ord(10x10),20
2019-05-02 00:00:00,Ampicloxa 500mg caps ord(10x10),20
2019-05-04 00:00:00,Ampicloxa 500mg caps ord(10x10),75
2019-05-05 00:00:00,Ampicloxa 500mg caps ord(10x10),62
2019-05-06 00:00:00,Ampicloxa 500mg caps ord(10x10),5
2019-05-07 00:00:00,Ampicloxa 500mg caps ord(10x10),22
2019-05-08 00:00:00,Ampicloxa 500mg caps ord(10x10),42
2019-05-09 00:00:00,Ampicloxa 500mg caps ord(10x10),40
2019-05-10 00:00:00,Ampicloxa 500mg caps ord(10x10),65
2019-05-11 00:00:00,Ampicloxa 500mg caps ord(10x10),45
2019-05-12 00:00:00,Ampicloxa 500mg caps ord(10x10),45
2019-05-13 00:00:00,Ampicloxa 500mg caps ord(10x10),25
2019-05-14 00:00:00,Ampicloxa 500mg caps ord(10x10),10
2019-05-15 00:00:00,Ampicloxa 500mg caps ord(10x10),70
2019-05-16 00:00:00,Ampicloxa 500mg caps ord(10x10),21
2019-05-17 00:00:00,Ampicloxa 500mg caps ord(10x10),35
2019-05-18 00:00:00,Ampicloxa 500mg caps ord(10x10),50
2019-05-19 00:00:00,Ampicloxa 500mg caps ord(10x10),50
2019-05-20 00:00:00,Ampicloxa 500mg caps ord(10x10),30
2019-05-21 00:00:00,Ampicloxa 500mg caps ord(10x10),15
2019-05-22 00:00:00,Ampicloxa 500mg caps ord(10x10),30
2019-05-23 00:00:00,Ampicloxa 500mg caps ord(10x10),22
2019-05-24 00:00:00,Ampicloxa 500mg caps ord(10x10),20
2019-05-26 00:00:00,Ampicloxa 500mg caps ord(10x10),49
2019-05-27 00:00:00,Ampicloxa 500mg caps ord(10x10),60
2019-05-28 00:00:00,Ampicloxa 500mg caps ord(10x10),5
2019-05-29 00:00:00,Ampicloxa 500mg caps ord(10x10),20
2019-05-30 00:00:00,Ampicloxa 500mg caps ord(10x10),60
2019-05-31 00:00:00,Ampicloxa 500mg caps ord(10x10),40
2019-06-01 00:00:00,Ampicloxa 500mg caps ord(10x10),65
2019-06-02 00:00:00,Ampicloxa 500mg caps ord(10x10),50
2019-06-03 00:00:00,Ampicloxa 500mg caps ord(10x10),50
2019-06-04 00:00:00,Ampicloxa 500mg caps ord(10x10),13
2019-06-05 00:00:00,Ampicloxa 500mg caps ord(10x10),35
2019-06-06 00:00:00,Ampicloxa 500mg caps ord(10x10),20
2019-06-07 00:00:00,Ampicloxa 500mg caps ord(10x10),50
2019-06-08 00:00:00,Ampicloxa 500mg caps ord(10x10),43
2019-06-09 00:00:00,Ampicloxa 500mg caps ord(10x10),31
2019-06-10 00:00:00,Ampicloxa 500mg caps ord(10x10),70
2019-06-11 00:00:00,Ampicloxa 500mg caps ord(10x10),29
2019-06-12 00:00:00,Ampicloxa 500mg caps ord(10x10),42
2019-06-13 00:00:00,Ampicloxa 500mg caps ord(10x10),75
2019-06-14 00:00:00,Ampicloxa 500mg caps ord(10x10),12
2019-06-15 00:00:00,Ampicloxa 500mg caps ord(10x10),85
2019-06-16 00:00:00,Ampicloxa 500mg caps ord(10x10),53
2019-06-17 00:00:00,Ampicloxa 500mg caps ord(10x10),58
2019-06-18 00:00:00,Ampicloxa 500mg caps ord(10x10),70
2019-06-19 00:00:00,Ampicloxa 500mg caps ord(10x10),63
2019-06-20 00:00:00,Ampicloxa 500mg caps ord(10x10),37
2019-06-21 00:00:00,Ampicloxa 500mg caps ord(10x10),80
2019-06-22 00:00:00,Ampicloxa 500mg caps ord(10x10),5
2019-06-23 00:00:00,Ampicloxa 500mg caps ord(10x10),10
2019-06-24 00:00:00,Ampicloxa 500mg caps ord(10x10),75
2019-06-25 00:00:00,Ampicloxa 500mg caps ord(10x10),56
2019-06-26 00:00:00,Ampicloxa 500mg caps ord(10x10),25
2019-06-27 00:00:00,Ampicloxa 500mg caps ord(10x10),69
2019-06-28 00:00:00,Ampicloxa 500mg caps ord(10x10),13
2019-06-29 00:00:00,Ampicloxa 500mg caps ord(10x10),40
2019-06-30 00:00:00,Ampicloxa 500mg caps ord(10x10),92
2019-07-01 00:00:00,Ampicloxa 500mg caps ord(10x10),50
2019-07-02 00:00:00,Ampicloxa 500mg caps ord(10x10),30
2019-07-03 00:00:00,Ampicloxa 500mg caps ord(10x10),40
2019-07-04 00:00:00,Ampicloxa 500mg caps ord(10x10),25
2019-07-05 00:00:00,Ampicloxa 500mg caps ord(10x10),10
2019-07-06 00:00:00,Ampicloxa 500mg caps ord(10x10),30
2019-07-07 00:00:00,Ampicloxa 500mg caps ord(10x10),45
2019-07-08 00:00:00,Ampicloxa 500mg caps ord(10x10),12
2019-07-09 00:00:00,Ampicloxa 500mg caps ord(10x10),55
2019-07-10 00:00:00,Ampicloxa 500mg caps ord(10x10),91
2019-07-11 00:00:00,Ampicloxa 500mg caps ord(10x10),44
2019-07-12 00:00:00,Ampicloxa 500mg caps ord(10x10),80
2019-07-13 00:00:00,Ampicloxa 500mg caps ord(10x10),49
2019-07-14 00:00:00,Ampicloxa 500mg caps ord(10x10),85
2019-07-15 00:00:00,Ampicloxa 500mg caps ord(10x10),47
2019-07-16 00:00:00,Ampicloxa 500mg caps ord(10x10),45
2019-07-17 00:00:00,Ampicloxa 500mg caps ord(10x10),15
2019-07-18 00:00:00,Ampicloxa 500mg caps ord(10x10),5
2019-07-19 00:00:00,Ampicloxa 500mg caps ord(10x10),37
2019-07-20 00:00:00,Ampicloxa 500mg caps ord(10x10),47
2019-07-21 00:00:00,Ampicloxa 500mg caps ord(10x10),37
2019-07-22 00:00:00,Ampicloxa 500mg caps ord(10x10),15
2019-07-23 00:00:00,Ampicloxa 500mg caps ord(10x10),39
2019-07-24 00:00:00,Ampicloxa 500mg caps ord(10x10),114
2019-07-25 00:00:00,Ampicloxa 500mg caps ord(10x10),95
2019-07-26 00:00:00,Ampicloxa 500mg caps ord(10x10),30
2019-07-27 00:00:00,Ampicloxa 500mg caps ord(10x10),12
2019-07-28 00:00:00,Ampicloxa 500mg caps ord(10x10),87
2019-07-29 00:00:00,Ampicloxa 500mg caps ord(10x10),47
2019-07-30 00:00:00,Ampicloxa 500mg caps ord(10x10),55
2019-07-31 00:00:00,Ampicloxa 500mg caps ord(10x10),15
2019-08-01 00:00:00,Ampicloxa 500mg caps ord(10x10),47
2019-08-02 00:00:00,Ampicloxa 500mg caps ord(10x10),47
2019-08-03 00:00:00,Ampicloxa 500mg caps ord(10x10),18
2019-08-04 00:00:00,Ampicloxa 500mg caps ord(10x10),85
2019-08-05 00:00:00,Ampicloxa 500mg caps ord(10x10),57
2019-08-06 00:00:00,Ampicloxa 500mg caps ord(10x10),20
2019-08-07 00:00:00,Ampicloxa 500mg caps ord(10x10),65
2019-08-08 00:00:00,Ampicloxa 500mg caps ord(10x10),30
2019-08-09 00:00:00,Ampicloxa 500mg caps ord(10x10),35
2019-08-10 00:00:00,Ampicloxa 500mg caps ord(10x10),33
2019-08-11 00:00:00,Ampicloxa 500mg caps ord(10x10),5
2019-08-12 00:00:00,Ampicloxa 500mg caps ord(10x10),50
2019-08-13 00:00:00,Ampicloxa 500mg caps ord(10x10),10
2019-08-14 00:00:00,Ampicloxa 500mg caps ord(10x10),20
2019-08-15 00:00:00,Ampicloxa 500mg caps ord(10x10),86
2019-08-16 00:00:00,Ampicloxa 500mg caps ord(10x10),50
2019-08-17 00:00:00,Ampicloxa 500mg caps ord(10x10),133
2019-08-18 00:00:00,Ampicloxa 500mg caps ord(10x10),55
2019-08-19 00:00:00,Ampicloxa 500mg caps ord(10x10),120
2019-08-20 00:00:00,Ampicloxa 500mg caps ord(10x10),35
2019-08-21 00:00:00,Ampicloxa 500mg caps ord(10x10),60
2019-08-22 00:00:00,Ampicloxa 500mg caps ord(10x10),70
2019-08-23 00:00:00,Ampicloxa 500mg caps ord(10x10),35
2019-08-24 00:00:00,Ampicloxa 500mg caps ord(10x10),65
2019-08-25 00:00:00,Ampicloxa 500mg caps ord(10x10),20
2019-08-26 00:00:00,Ampicloxa 500mg caps ord(10x10),20
2019-08-27 00:00:00,Ampicloxa 500mg caps ord(10x10),81
2019-08-28 00:00:00,Ampicloxa 500mg caps ord(10x10),41
2019-08-29 00:00:00,Ampicloxa 500mg caps ord(10x10),26
2019-08-30 00:00:00,Ampicloxa 500mg caps ord(10x10),85
2019-08-31 00:00:00,Ampicloxa 500mg caps ord(10x10),98
2019-09-01 00:00:00,Ampicloxa 500mg caps ord(10x10),56
2019-09-02 00:00:00,Ampicloxa 500mg caps ord(10x10),32
2019-09-03 00:00:00,Ampicloxa 500mg caps ord(10x10),45
